[{"text": "microwave", "id": 0, "objs": ["original-4", "original-2", "original-1", "original-8", "original-16", "original-9", "original-10", "original-11", "original-12", "original-13", "original-14", "original-15", "original-3", "original-6", "original-18", "original-20", "original-19", "original-5"], "children": [{"text": "body", "id": 1, "objs": ["original-4", "original-2", "original-1", "original-8", "original-16", "original-9", "original-10", "original-11", "original-12", "original-13", "original-14", "original-15", "original-3", "original-6", "original-18", "original-20", "original-19", "original-5"], "children": [{"objs": ["original-4", "original-2"], "id": 2, "name": "frame", "text": "frame", "ori_id": 2}, {"text": "door", "id": 3, "objs": ["original-1", "original-8", "original-16", "original-9", "original-10", "original-11", "original-12", "original-13", "original-14", "original-15", "original-3", "original-6", "original-18", "original-20", "original-19"], "children": [{"objs": ["original-1", "original-8", "original-16", "original-9", "original-10", "original-11", "original-12", "original-13", "original-14", "original-15", "original-3"], "id": 4, "name": "door_frame", "text": "door_frame", "ori_id": 6}, {"objs": ["original-6"], "id": 5, "name": "glass", "text": "glass", "ori_id": 7}, {"objs": ["original-18", "original-20", "original-19"], "id": 6, "name": "handle", "text": "handle", "ori_id": 8}], "name": "door", "ori_id": 3}], "name": "body", "ori_id": 1}], "name": "microwave", "ori_id": 0}]