[{"text": "Microwave", "children": [{"text": "Body", "children": [{"text": "Frame", "objs": ["original-4", "original-2"], "id": 2, "name": "frame"}, {"text": "Door", "children": [{"text": "Door Frame", "objs": ["original-1", "original-8", "original-16", "original-9", "original-10", "original-11", "original-12", "original-13", "original-14", "original-15", "original-3"], "id": 6, "name": "door_frame"}, {"text": "Door Glass", "objs": ["original-6"], "id": 7, "name": "glass"}, {"text": "Handle", "objs": ["original-18", "original-20", "original-19"], "id": 8, "name": "handle"}], "id": 3, "name": "door"}, {"text": "Side Controls", "children": [{"text": "Display Panel", "objs": ["original-5"], "id": 5, "name": "display_panel"}], "id": 4, "name": "side_controls"}], "id": 1, "name": "body"}], "id": 0, "name": "microwave"}]